"","Sector","Site..","Location","count.time","X2014","X2013","X2012","X2011","X2010","X2009","X2008","X2007","X2006","X2005","X2004","X2003","X2002","X2001","X2000","prior.to.2000","LocationFull","lon","lat.1","commute"
"1","bridge",2,"Burnside Bridge","4-6pm","468","422","411",435,373,352,407,265,252,NA,NA,138,NA,193,NA,NA,"Burnside Bridge Portland OR",-122.667385,45.523044,"Evening"
"2","bridge",4,"Sellwood Bridge","4-6pm","133","99","135",91,79,96,NA,97,91,NA,NA,NA,NA,NA,NA,83,"Sellwood Bridge Portland OR",-122.660142,45.5125799,"Evening"
"3","bridge",176,"Morrison Bridge at SW Alder Ramp","4-6pm","160","157","172",NA,151,NA,NA,NA,9,NA,NA,NA,NA,NA,NA,23,"Morrison Bridge at SW Alder Ramp Portland OR",-122.6764816,45.5230622,"Evening"
"4","city center",71,"SW Taylor at 13th","7-9am","60","57","55",NA,35,61,72,74,36,NA,44,NA,NA,NA,50,39,"SW Taylor at SW 13th Portland OR",-122.6889631,45.5158437,"Morning"
"5","city center",72,"SW Salmon at 14th (pm)","4-6pm","100","123","127",106,133,104,108,86,74,NA,NA,NA,NA,NA,42,49,"SW Salmon at SW 14th Portland OR",-122.6872652,45.5191126,"Evening"
"6","city center",73,"SW 6th at Jackson","7-9am","68","85","97",77,72,72,87,52,119,NA,NA,NA,NA,NA,NA,48,"SW 6th at SW Jackson Portland OR",-122.6840521,45.5090897,"Morning"
"7","city center",79,"SW Broadway at Jackson","4-6pm","109","142","83",192,136,NA,NA,113,103,NA,NA,NA,NA,NA,69,51,"SW Broadway at SW Jackson Portland OR",-122.6850075,45.5093526,"Evening"
"8","city center",83,"SW Waterfront Park at Harbor Way","4-6pm","580","535","477",441,442,NA,392,290,191,204,NA,NA,NA,NA,NA,163,"SW Waterfront Park at SW Harbor Way Portland OR",-122.6747662,45.5109325,"Evening"
"9","city center",84,"SW Jefferson at 13th","4-6pm","122","124","127",165,130,154,99,118,77,NA,NA,NA,NA,NA,67,46,"SW Jefferson at SW 13th Portland OR",-122.6873094,45.5168208,"Evening"
"10","city center",89,"SW Moody at River Parkway","4-6pm","451","446","401",372,331,258,340,NA,144,NA,NA,NA,191,NA,NA,NA,"SW Moody at SW River Parkway Portland OR",-122.6734457,45.5068999,"Evening"
"11","city center",93,"SW Waterfront Park at Ankeny","4-6pm","778","799","689",597,673,502,530,440,420,NA,NA,NA,NA,175,NA,162,"SW Waterfront Park at SW Ankeny Portland OR",-122.679065,45.5226302,"Evening"
"12","city center",94,"SW Waterfront Park at Morrison","4-6pm","809","722","607",692,767,678,599,536,440,NA,NA,NA,298,143,NA,243,"SW Waterfront Park at SW Morrison Portland OR",-122.6805713,45.5196228,"Evening"
"13","city center",119,"SW Broadway at Mill","4-6pm","128","142","148",156,124,150,147,NA,NA,NA,NA,NA,NA,NA,NA,NA,"SW Broadway at SW Mill Portland OR",-122.683193,45.5126929,"Evening"
"14","city center",146,"SW Broadway at Montgomery","4-6pm","174",NA,"236",260,202,215,NA,NA,NA,NA,NA,NA,NA,NA,NA,NA,"SW Broadway at SW Montgomery Portland OR",-122.6835591,45.5120179,"Evening"
"15","city center",147,"SW Stark at 9th","4-6pm","168","192","157",151,NA,NA,NA,NA,NA,NA,NA,NA,NA,NA,NA,NA,"SW Stark at SW 9th Portland OR",-122.6800412,45.521749,"Evening"
"16","city center",148,"SW Park at Oak","4-6pm","142","151","155",152,129,NA,NA,NA,NA,NA,NA,NA,NA,NA,NA,NA,"SW Park at SW Oak Portland OR",-122.6791192,45.522271,"Evening"
"17","city center",156,"SW Broadway at Main","7-9am","287","239","235",251,159,NA,NA,NA,NA,NA,NA,NA,NA,NA,NA,NA,"SW Broadway at SW Main Portland OR",-122.6810562,45.5166862,"Morning"
"18","city center",157,"SW Naito at Clay","7-9am",NA,"173","195",NA,NA,225,NA,NA,NA,NA,NA,NA,NA,NA,NA,NA,"SW Naito at SW Clay Portland OR",-122.6755634,45.5121457,"Morning"
"19","city center",158,"SW Main at 9th","7-9am","128","114","106",NA,NA,127,NA,NA,NA,NA,NA,NA,NA,NA,NA,NA,"SW Main at SW 9th Portland OR",-122.6567036,45.5136507,"Morning"
"20","city center",159,"SW Park (NB) at Market","4-6pm","63","58",NA,73,65,NA,NA,NA,NA,NA,NA,NA,NA,NA,NA,NA,"SW Park at SW Market Portland OR",-122.6843533,45.5137506,"Evening"
"21","city center",161,"NW Broadway at Hoyt","4-6pm","567","496","520",481,NA,383,NA,NA,NA,NA,NA,NA,NA,NA,NA,NA,"NW Broadway at SW Hoyt Portland OR",-122.6775945,45.5273228,"Evening"
"22","city center",162,"NW Broadway at Couch","4-6pm","466","382","308",374,357,363,NA,NA,NA,NA,NA,NA,NA,NA,NA,NA,"NW Broadway at SW Couch Portland OR",-122.6774324,45.5237572,"Evening"
"23","city center",164,"SW Burnside at 13th/Stark","4-6pm","132","81","108",87,92,96,NA,NA,NA,NA,NA,NA,NA,NA,NA,NA,"SW Burnside at SW 13th/Stark Portland OR",-122.684079,45.5229255,"Evening"
"24","city center",200,"SW Broadway at 6th (S of I-405)","4-6pm","190","211","317",225,281,205,218,NA,NA,NA,NA,NA,NA,NA,NA,NA,"SW Broadway at SW 6th Portland OR",-122.6842534,45.5071338,"Evening"
"25","city center",214,"SW River Parkway at River Dr","4-6pm","250","234","174",NA,NA,NA,NA,149,NA,NA,NA,NA,NA,NA,NA,NA,"SW River Parkway at SW River Dr Portland OR",-122.674325,45.5071382,"Evening"
"26","city center",215,"SW Naito at Morrison Bridge","7-9am",NA,"180","204",NA,NA,NA,NA,NA,NA,NA,NA,NA,NA,NA,NA,NA,"SW Naito at SW Morrison Bridge Portland OR",-122.671806,45.5192784,"Morning"
"27","city center",216,"SW Stark at 4th","4-6pm","391","446","367",NA,NA,NA,NA,NA,NA,NA,NA,NA,NA,NA,NA,NA,"SW Stark at SW 4th Portland OR",-122.6754741,45.5205327,"Evening"
"28","city center",217,"SW 5th at Jackson/Lincoln","4-6pm","64","53","77",NA,NA,NA,NA,NA,NA,NA,NA,NA,NA,NA,NA,NA,"SW 5th at SW Lincoln Portland OR",-122.6830535,45.5080359,"Evening"
"29","city center",218,"SW Oak at 3rd","7-9am","257","269","237",NA,NA,NA,NA,NA,NA,NA,NA,NA,NA,NA,NA,NA,"SW Oak at SW 3rd Portland OR",-122.6740905,45.5209131,"Morning"
"30","city center",255,"SW Naito at Ankeny","4-6pm","375","367","337",NA,NA,NA,168,NA,NA,NA,NA,NA,NA,NA,NA,NA,"SW Naito at SW Ankeny Portland OR",-122.6703015,45.5225068,"Evening"
"31","city center",271,"SW Columbia at 14th (NEW)","7-9am",NA,NA,NA,NA,NA,NA,NA,NA,NA,NA,NA,NA,NA,NA,NA,NA,"SW Columbia at SW 14th Portland OR",-122.6887323,45.5164431,"Morning"
"32","city center",272,"SW Salmon at 14th (am)","7-9am","117",NA,NA,NA,NA,NA,NA,NA,NA,NA,NA,NA,NA,NA,NA,NA,"SW Salmon at SW 14th Portland OR",-122.6872652,45.5191126,"Morning"
"33","city center",273,"SW Jefferson at 12th","4-6pm","90",NA,NA,NA,NA,NA,NA,NA,NA,NA,NA,NA,NA,NA,NA,NA,"SW Jefferson at SW 12th Portland OR",-122.6862934,45.516553,"Evening"
"34","city center",274,"SW Lincoln at 1st","4-6pm","105",NA,NA,NA,NA,NA,NA,NA,NA,NA,NA,NA,NA,NA,NA,NA,"SW Lincoln at SW 1st Portland OR",-122.678597,45.5079278,"Evening"
"35","east",18,"NE Marine Drive at PDX Trail","4-6pm",NA,"54","78",93,84,NA,NA,39,NA,NA,NA,NA,NA,NA,NA,NA,"NE Marine Drive at PDX Trail Portland OR",-122.704212,45.61371,"Evening"
"36","east",22,"NE Halsey at 92nd","4-6pm","29","37","28",29,30,32,38,24,22,NA,NA,NA,NA,NA,NA,NA,"NE Halsey at NE 92nd Portland OR",-122.5685357,45.533467,"Evening"
"37","east",24,"E Burnside at 122nd","4-6pm","70","108","80",113,80,73,NA,85,90,NA,NA,NA,NA,NA,NA,NA,"E Burnside at NE 122nd Portland OR",-122.5377683,45.5225883,"Evening"
"38","east",27,"NE Fremont at 122nd","4-6pm","21","28","29",31,28,35,30,15,NA,NA,NA,NA,NA,NA,NA,NA,"NE Fremont at NE 122nd Portland OR",-122.5374155,45.5480412,"Evening"
"39","east",28,"NE Halsey at 122nd","4-6pm","49",NA,"76",67,60,39,67,NA,NA,NA,NA,NA,NA,NA,NA,NA,"NE Halsey at NE 122nd Portland OR",-122.5376489,45.5335694,"Evening"
"40","east",29,"NE Halsey at 148th","4-6pm","10","23","23",29,19,20,31,NA,NA,NA,NA,NA,NA,NA,NA,NA,"NE Halsey at NE 148th Portland OR",-122.5090101,45.533676,"Evening"
"41","east",46,"SE Springwater at 122nd","4-6pm","125","139","138",163,NA,105,85,81,NA,NA,NA,NA,NA,NA,NA,NA,"SE Springwater at SE 122nd Portland OR",-122.5373321,45.480432,"Evening"
"42","east",47,"SE Powell at 148th","4-6pm","32","27",NA,NA,32,38,41,36,NA,NA,NA,NA,NA,NA,NA,NA,"SE Powell at SE 148th Portland OR",-122.5106254,45.4980634,"Evening"
"43","east",57,"SE Flavel at 92nd","4-6pm","132","166","147",146,126,77,82,53,111,NA,NA,NA,NA,NA,NA,73,"SE Flavel at SE 92nd Portland OR",-122.5685593,45.4684128,"Evening"
"44","east",58,"SE Flavel at Deardorf","4-6pm",NA,"6",NA,NA,NA,8,NA,NA,NA,NA,NA,NA,NA,NA,NA,NA,"SE Flavel at SE Deardorf Portland OR",-122.5242011,45.4690761,"Evening"
"45","east",60,"SE Springwater at I-205 Path","4-6pm","276","198","275",241,193,NA,75,NA,NA,NA,NA,NA,NA,NA,NA,NA,"SE Springwater at SE I-205 Path Portland OR",-122.5662114,45.4722868,"Evening"
"46","east",63,"SE Mill at 135th","4-6pm","26","29","46",54,NA,39,26,NA,NA,NA,NA,NA,NA,NA,NA,NA,"SE Mill at SE 135th Portland OR",-122.5247774,45.5101968,"Evening"
"47","east",133,"NE Airport Wy at I-205 path","4-6pm",NA,"69","91",117,71,102,89,NA,NA,NA,NA,NA,NA,NA,NA,NA,"NE Airport Wy at I-205 path Portland OR",-118.8385939,45.6758419,"Evening"
"48","east",135,"NE Maywood Place at I-205 Path","4-6pm","54","58","59",56,30,52,41,NA,NA,NA,NA,NA,NA,NA,NA,NA,"NE Maywood Place at I-205 Path Portland OR",-122.5645095,45.531584,"Evening"
"49","east",136,"E Burnside at I-205 path","4-6pm","166","86","150",NA,116,93,90,NA,NA,NA,NA,NA,NA,NA,NA,NA,"E Burnside at I-205 path Portland OR",-122.5668259,45.5226967,"Evening"
"50","east",140,"SE Division at 96th Dr","4-6pm","41","31","39",39,32,34,43,NA,NA,NA,NA,NA,NA,NA,NA,NA,"SE Division at 96th Dr Portland OR",-122.5649562,45.5007459,"Evening"
"51","east",141,"SE Division at 122nd","4-6pm","66","100","74",NA,72,37,55,NA,NA,NA,NA,NA,NA,NA,NA,NA,"SE Division at 122nd Portland OR",-122.6764816,45.5230622,"Evening"
"52","east",142,"SE Powell at 122nd","4-6pm",NA,"57","69",47,54,43,65,NA,NA,NA,NA,NA,NA,NA,NA,NA,"SE Powell at SE 122nd Portland OR",-122.5376586,45.4970608,"Evening"
"53","east",143,"SE Powell at 162nd","4-6pm","21","27","24",NA,16,43,32,NA,NA,NA,NA,NA,NA,NA,NA,NA,"SE Powell at SE 162nd Portland OR",-122.4966962,45.4948106,"Evening"
"54","east",150,"SE Holgate at 112th","4-6pm","41","43","42",30,33,44,NA,NA,NA,NA,NA,NA,NA,NA,NA,NA,"SE Holgate at SE 112th Portland OR",-122.548017,45.4897649,"Evening"
"55","east",151,"SE Market at 130th","4-6pm",NA,"34","58",41,72,50,NA,NA,NA,NA,NA,NA,NA,NA,NA,NA,"SE Market at SE 130th Portland OR",-122.5299824,45.5116292,"Evening"
"56","east",152,"SE Main at 96th (East side)","4-6pm",NA,"69","42",NA,45,NA,NA,NA,NA,NA,NA,NA,NA,NA,NA,NA,"SE Main at SE 96th Portland OR",-122.564203,45.5140193,"Evening"
"57","east",171,"SE Holgate at 100th","4-6pm","50","47","58",35,31,NA,NA,NA,NA,NA,NA,NA,NA,NA,NA,NA,"SE Holgate at SE 100th Portland OR",-122.5608916,45.4898486,"Evening"
"58","east",172,"SE Bush at 122nd","4-6pm","41","46","44",47,41,NA,NA,NA,NA,NA,NA,NA,NA,NA,NA,NA,"SE Bush at SE 122nd Portland OR",-122.5376705,45.4944525,"Evening"
"59","east",209,"NE Prescott at I-205","4-6pm","#REF!","44","32",14,NA,NA,NA,NA,NA,NA,NA,NA,NA,NA,NA,NA,"NE Prescott at I-205 Portland OR",-122.5660493,45.5553809,"Evening"
"60","east",210,"NE 102 at Pacific","4-6pm","51","59","50",37,NA,NA,NA,NA,NA,NA,NA,NA,NA,NA,NA,NA,"NE 102 at NE Pacific Portland OR",-122.5581079,45.5294945,"Evening"
"61","east",211,"SE Steele I-205 Overpass (including trail)","4-6pm","130","124","101",NA,NA,NA,NA,NA,NA,NA,NA,NA,NA,NA,NA,NA,"SE Steele I-205 Overpass Portland OR",-122.4514174,45.5219048,"Evening"
"62","east",219,"SE Springwater at 92nd","4-6pm","151","171","210",NA,NA,NA,NA,98,NA,NA,NA,NA,NA,NA,NA,NA,"SE Springwater at SE 92nd Portland OR",-122.5686067,45.470861,"Evening"
"63","east",220,"SE Springwater Trail at SE 101st","4-6pm","137","129","161",NA,NA,NA,NA,NA,NA,NA,NA,NA,NA,NA,NA,NA,"SE Springwater Trail at SE 101st Portland OR",-122.5597929,45.4755807,"Evening"
"64","east",221,"SE Bush at 102nd","4-6pm","19","10","9",NA,NA,NA,NA,NA,NA,NA,NA,NA,NA,NA,NA,NA,"SE Bush at SE 102nd Portland OR",-122.6764816,45.5230622,"Evening"
"65","east",222,"SE Mill at 148th","4-6pm","29",NA,NA,NA,NA,NA,NA,NA,NA,NA,NA,NA,NA,NA,NA,NA,"SE Mill at SE 148th Portland OR",-122.5107321,45.5102132,"Evening"
"66","east",223,"SE Main at 162nd","4-6pm","22","36","25",NA,NA,NA,NA,NA,NA,NA,NA,NA,NA,NA,NA,NA,"SE Main at SE 162nd Portland OR",-122.4965336,45.5136726,"Evening"
"67","east",260,"NE Halsey at 128th","4-6pm","21",NA,NA,NA,NA,NA,NA,NA,NA,NA,NA,NA,NA,NA,NA,NA,"NE Halsey at NE 128th Portland OR",-122.5311453,45.533528,"Evening"
"68","inner NE",19,"NE Going at 37th","4-6pm",NA,"204","172",147,72,46,54,NA,NA,NA,NA,NA,NA,NA,NA,NA,"NE Going at NE 37th Portland OR",-122.6255094,45.5567099,"Evening"
"69","inner NE",20,"NE Multnomah at 47th","4-6pm","97","112","112",107,58,109,101,80,57,NA,NA,43,NA,34,38,39,"NE Multnomah at NE 47th Portland OR",-122.6149788,45.531102,"Evening"
"70","inner NE",21,"NE Siskiyou at 72nd","4-6pm","28","26",NA,NA,33,37,32,NA,NA,NA,NA,NA,NA,NA,NA,NA,"NE Siskiyou at NE 72nd Portland OR",-122.5889897,45.5445553,"Evening"
"71","inner NE",23,"NE Broadway at 7th","7-9am","368","352","306",254,240,312,353,305,241,NA,NA,NA,NA,NA,NA,73,"NE Broadway at NE 7th Portland OR",-122.6585983,45.535065,"Morning"
"72","inner NE",25,"E Burnside at 74th","4-6pm","125",NA,"150",149,106,91,100,81,88,73,NA,NA,NA,NA,NA,NA,"E Burnside at NE 74th Portland OR",-122.58682,45.522839,"Evening"
"73","inner NE",26,"NE Everett at 53rd","4-6pm","244","224","218",244,201,NA,169,153,119,80,NA,NA,NA,NA,NA,NA,"NE Everett at NE 53rd Portland OR",-122.6088652,45.5250796,"Evening"
"74","inner NE",30,"NE Irving at 12th","4-6pm","346","333","373",334,342,327,331,272,170,NA,NA,NA,NA,108,95,101,"NE Irving at NE 12th Portland OR",-122.6535822,45.5279484,"Evening"
"75","inner NE",31,"NE Irving at 20th","4-6pm","252","233","264",267,220,208,NA,202,178,NA,NA,NA,NA,NA,55,75,"NE Irving at NE 20th Portland OR",-122.6454495,45.527896,"Evening"
"76","inner NE",32,"NE Multnomah at 7th","4-6pm","264","265","231",201,NA,236,255,NA,172,NA,NA,NA,NA,83,93,76,"NE Multnomah at NE 7th Portland OR",-122.658624,45.5314995,"Evening"
"77","inner NE",33,"NE Killingsworth at Portland Hwy","4-6pm","38","26","40",NA,NA,NA,24,23,NA,NA,NA,NA,NA,NA,NA,NA,"NE Killingsworth at NE Portland Hwy Portland OR",-122.5909833,45.5629206,"Evening"
"78","inner NE",34,"NE Skidmore at 29th","4-6pm","50","53","65",NA,NA,NA,NA,48,NA,NA,NA,NA,NA,NA,NA,NA,"NE Skidmore at NE 29th Portland OR",-122.63589,45.554322,"Evening"
"79","inner NE",35,"NE Grant Pl at 33rd","4-6pm","227","241","235",223,219,150,233,136,142,NA,NA,NA,NA,NA,NA,NA,"NE Grant Pl at NE 33rd Portland OR",-122.6306683,45.5377844,"Evening"
"80","inner NE",36,"NE Weidler at 7th","4-6pm",NA,"296","343",NA,170,NA,NA,266,241,NA,131,NA,NA,140,145,149,"NE Weidler at NE 7th Portland OR",-122.6585994,45.5343595,"Evening"
"81","inner NE",37,"NE Weidler at MLK","4-6pm",NA,"124","103",108,100,170,205,131,101,NA,NA,NA,NA,148,NA,131,"NE Weidler at NE MLK Portland OR",-122.6616612,45.5343538,"Evening"
"82","inner NE",95,"NE Couch at 41st","4-6pm","279","210","255",204,105,NA,NA,114,NA,NA,NA,NA,NA,NA,NA,NA,"NE Couch at NE 41st Portland OR",-122.6204833,45.5242662,"Evening"
"83","inner NE",98,"NE Skidmore at 9th","4-6pm","65","64","73",NA,107,92,139,91,NA,NA,NA,NA,NA,NA,NA,NA,"NE Skidmore at NE 9th Portland OR",-122.656636,45.554526,"Evening"
"84","inner NE",106,"NE Irving at 21st","4-6pm","115","97","102",93,91,92,NA,87,NA,NA,NA,NA,NA,NA,NA,NA,"NE Irving at NE 21st Portland OR",-122.6444309,45.5278974,"Evening"
"85","inner NE",107,"NE Davis at 41st","4-6pm","269","220","214",NA,190,183,175,123,NA,NA,NA,NA,NA,NA,NA,NA,"NE Davis at NE 41st Portland OR",-122.6206437,45.5249784,"Evening"
"86","inner NE",128,"NE Multnomah at Wheeler","4-6pm","634","644","554",557,563,346,238,NA,NA,NA,NA,NA,NA,NA,NA,NA,"NE Multnomah at NE Wheeler Portland OR",-122.6657774,45.5307918,"Evening"
"87","inner NE",129,"NE Going at 9th","4-6pm","398","367","344",317,208,98,103,NA,NA,NA,NA,NA,NA,NA,NA,NA,"NE Going at NE 9th Portland OR",-122.656612,45.5563891,"Evening"
"88","inner NE",130,"NE Tillamook at 28th","4-6pm","298","329","337",288,285,298,NA,NA,NA,NA,NA,NA,NA,NA,NA,NA,"NE Tillamook at NE 28th Portland OR",-122.6366987,45.53714,"Evening"
"89","inner NE",131,"NE Prescott at Cully","4-6pm","63","45","96",58,NA,36,72,NA,NA,NA,NA,NA,NA,NA,NA,NA,"NE Prescott at NE Cully Portland OR",-122.6009025,45.5554551,"Evening"
"90","inner NE",132,"NE Tillamook at 74th","4-6pm","101","85","106",91,70,48,64,NA,NA,NA,NA,NA,NA,NA,NA,NA,"NE Tillamook at NE 74th Portland OR",-122.5871648,45.5372583,"Evening"
"91","inner NE",153,"NE Glisan at 28th","4-6pm","266","256","267",262,277,NA,NA,NA,NA,NA,NA,NA,NA,NA,NA,NA,"NE Glisan at NE 28th Portland OR",-122.6371931,45.5264706,"Evening"
"92","inner NE",168,"NE Holman at 27th","4-6pm","103","104","84",NA,56,NA,NA,NA,NA,NA,NA,NA,NA,NA,NA,NA,"NE Holman at NE 27th Portland OR",-122.638141,45.568222,"Evening"
"93","inner NE",169,"NE Klickitat at 27th","4-6pm","90","94","102",94,NA,NA,NA,NA,NA,NA,NA,NA,NA,NA,NA,NA,"NE Klickitat at NE 27th Portland OR",-122.6380648,45.546706,"Evening"
"94","inner NE",201,"NE Alberta at 72nd","4-6pm","23","27","26",31,14,NA,NA,NA,NA,NA,NA,NA,NA,NA,NA,NA,"NE Alberta at NE 72nd Portland OR",-122.5889119,45.5592427,"Evening"
"95","inner NE",203,"NE Morris at 7th","4-6pm","176","151","176",151,NA,NA,NA,NA,NA,NA,NA,NA,NA,NA,NA,NA,"NE Morris at NE 7th Portland OR",-122.6585849,45.5446589,"Evening"
"96","inner NE",208,"NE Alberta at Cully","4-6pm","69","46","37",50,NA,NA,NA,NA,NA,NA,NA,NA,NA,NA,NA,NA,"NE Alberta at NE Cully Portland OR",-122.5977888,45.5591088,"Evening"
"97","inner NE",213,"NE Holladay at 7th","4-6pm","181",NA,"228",167,NA,NA,NA,NA,NA,NA,NA,NA,NA,NA,NA,NA,"NE Holladay at NE 7th Portland OR",-122.6586248,45.5300043,"Evening"
"98","inner NE",224,"E Burnside at NE 86th","4-6pm","111","71","116",NA,NA,NA,NA,NA,NA,NA,NA,NA,NA,NA,NA,NA,"E Burnside at NE 86th Portland OR",-122.5749992,45.5227471,"Evening"
"99","inner NE",225,"NE Klickitat at 38th","4-6pm","191","195","138",NA,NA,NA,NA,NA,NA,NA,NA,NA,NA,NA,NA,NA,"NE Klickitat at NE 38th Portland OR",-122.624861,45.5470012,"Evening"
"100","inner NE",226,"NE Klickitat at 57th","4-6pm","129","94","101",NA,NA,NA,NA,NA,NA,NA,NA,NA,NA,NA,NA,NA,"NE Klickitat at NE 57th Portland OR",-122.60456,45.546911,"Evening"
"101","inner NE",227,"NE Hancock at 47th","4-6pm","165","145","136",NA,NA,NA,NA,NA,NA,NA,NA,NA,NA,NA,NA,NA,"NE Hancock at NE 47th Portland OR",-122.6149891,45.5365238,"Evening"
"102","inner NE",228,"NE Couch at 6th","7-9am","355","321","260",NA,NA,NA,NA,NA,NA,NA,NA,NA,NA,NA,NA,NA,"NE Couch at NE 6th Portland OR",-122.6596901,45.5236379,"Morning"
"103","inner NE",229,"NE Holman at Grand","4-6pm","54","42","35",NA,NA,NA,NA,NA,NA,NA,NA,NA,NA,NA,NA,NA,"NE Holman at NE Grand Portland OR",-122.6603912,45.5682433,"Evening"
"104","inner NE",230,"NE Marine Dr Trail at 33rd","4-6pm",NA,"53","70",NA,NA,NA,NA,NA,NA,NA,NA,NA,NA,NA,NA,NA,"NE Marine Dr Trail at NE 33rd Portland OR",-122.6352372,45.6004303,"Evening"
"105","inner NE",254,"NE Killingsworth at Cully","4-6pm","44","32","53",39,28,NA,NA,NA,NA,NA,NA,NA,NA,NA,NA,NA,"NE Killingsworth at NE Cully Portland OR",-122.594213,45.5627101,"Evening"
"106","inner NE",259,"NE Multnomah at 21st","4-6pm",NA,NA,NA,NA,NA,NA,NA,NA,NA,NA,NA,NA,NA,NA,NA,NA,"NE Multnomah at NE 21st Portland OR",-122.6448543,45.5314494,"Evening"
"107","inner NE",261,"NE Alderwood at 82nd","4-6pm",NA,NA,NA,NA,NA,NA,NA,NA,NA,NA,NA,NA,NA,NA,NA,NA,"NE Alderwood at NE 82nd Portland OR",-122.5777852,45.5759477,"Evening"
"108","inner NE",262,"NE Multnomah at 11th","4-6pm",NA,NA,NA,NA,NA,NA,NA,NA,NA,NA,NA,NA,NA,NA,NA,NA,"NE Multnomah at NE 11th Portland OR",-122.6545954,45.5314866,"Evening"
"109","inner NE",263,"NE Rodney at Morris","4-6pm","146",NA,NA,NA,NA,NA,NA,NA,NA,NA,NA,NA,NA,NA,NA,NA,"NE Rodney at NE Morris Portland OR",-122.6641236,45.5445886,"Evening"
"110","inner NE",275,"NE Tillamook at 7th","4-6pm","495",NA,NA,NA,NA,NA,NA,NA,NA,NA,NA,NA,NA,NA,NA,NA,"NE Tillamook at NE 7th Portland OR",-122.6586251,45.5378442,"Evening"
"111","inner SE",48,"SE Gladstone at 26th","4-6pm","185","187","165",147,130,153,129,113,84,NA,NA,NA,NA,NA,NA,70,"SE Gladstone at SE 26th Portland OR",-122.6395798,45.4933686,"Evening"
"112","inner SE",49,"SE Salmon at 7th","4-6pm","383","377","335",359,267,352,377,284,202,NA,NA,NA,NA,94,NA,24,"SE Salmon at SE 7th Portland OR",-122.6586937,45.5143761,"Evening"
"113","inner SE",50,"SE Ankeny at 6th","4-6pm","225","196","184",198,253,291,NA,194,171,NA,136,NA,NA,NA,145,150,"SE Ankeny at SE 6th Portland OR",-122.6597053,45.5222146,"Evening"
"114","inner SE",51,"SE Belmont at 16th","4-6pm","156","134","166",162,144,122,145,91,85,NA,NA,75,NA,48,NA,NA,"SE Belmont at SE 16th Portland OR",-122.649593,45.5164997,"Evening"
"115","inner SE",52,"SE Milwaukie at Bybee","4-6pm","92","94","101",63,91,75,107,81,NA,NA,NA,NA,NA,NA,NA,NA,"SE Milwaukie at SE Bybee Portland OR",-122.6487332,45.473718,"Evening"
"116","inner SE",53,"SE Center at 72nd","4-6pm","69","54","43",97,44,70,62,66,NA,NA,NA,NA,NA,NA,NA,NA,"SE Center at SE 72nd Portland OR",-122.5891418,45.4938401,"Evening"
"117","inner SE",54,"SE Center at 9th","4-6pm","35","36","33",NA,23,NA,19,10,NA,NA,NA,NA,NA,NA,NA,NA,"SE Center at SE 9th Portland OR",-122.6563635,45.494017,"Evening"
"118","inner SE",55,"SE Clinton at 26th","4-6pm","641","619","636",531,550,469,542,354,303,NA,250,NA,NA,119,130,NA,"SE Clinton at SE 26th Portland OR",-122.6396409,45.5035334,"Evening"
"119","inner SE",59,"SE Gladstone at 42nd","4-6pm","199","142","138",NA,179,181,143,98,86,NA,NA,NA,NA,NA,NA,58,"SE Gladstone at SE 42nd Portland OR",-122.6189342,45.493511,"Evening"
"120","inner SE",61,"SE Harrison at Ladd (Circle)**","4-6pm","762","851","691",720,787,791,795,351,370,371,NA,NA,NA,180,NA,252,"SE Harrison at SE Ladd Portland OR",-122.6503719,45.5085416,"Evening"
"121","inner SE",62,"SE Lincoln at 41st","4-6pm","375","342","406",376,359,393,385,205,203,NA,NA,145,NA,115,NA,NA,"SE Lincoln at SE 41st Portland OR",-122.6203814,45.5080617,"Evening"
"122","inner SE",64,"SE Milwaukie at Powell","4-6pm","123","103",NA,NA,120,156,148,100,NA,NA,NA,NA,NA,NA,NA,NA,"SE Milwaukie at SE Powell Portland OR",-122.6542519,45.5012318,"Evening"
"123","inner SE",65,"SE Spokane at Springwater","4-6pm","497","537","583",400,416,210,572,377,282,NA,NA,NA,NA,NA,NA,NA,"SE Spokane at SE Springwater Portland OR",-122.6618048,45.4650457,"Evening"
"124","inner SE",66,"SE Taylor at 41st","4-6pm","182","273","241",241,237,249,190,191,140,NA,NA,NA,NA,65,NA,NA,"SE Taylor at SE 41st Portland OR",-122.620172,45.5150092,"Evening"
"125","inner SE",67,"SE Woodstock at 46th","4-6pm","113","146","90",NA,120,116,132,127,NA,NA,NA,NA,NA,NA,NA,NA,"SE Woodstock at SE 46th Portland OR",-122.6154475,45.4791801,"Evening"
"126","inner SE",68,"SE Woodward at 71st","4-6pm","69","78","90",118,151,110,98,NA,NA,NA,NA,NA,NA,NA,NA,NA,"SE Woodward at SE 71st Portland OR",-122.589845,45.5014289,"Evening"
"127","inner SE",69,"SE Springwater at Johson Creek","4-6pm","252","225","202",235,146,155,155,204,NA,NA,NA,NA,NA,NA,NA,NA,"SE Springwater Path at SE Johson Creek Portland OR",-122.6168345,45.4617204,"Evening"
"128","inner SE",70,"Springwater at Oaks Bottom Path","4-6pm","576","572","577",590,549,554,529,500,NA,NA,NA,NA,NA,NA,NA,NA,"Springwater Path at SE Oaks Bottom Path Portland OR",-122.6764816,45.5230622,"Evening"
"129","inner SE",99,"SE Duke at 72nd","4-6pm","62","35","52",55,NA,NA,NA,NA,NA,NA,NA,NA,NA,NA,NA,NA,"SE Duke at SE 72nd Portland OR",-122.5893433,45.475884,"Evening"
"130","inner SE",100,"SE Ankeny at 28th","4-6pm","543","511","450",563,556,482,521,341,NA,NA,NA,NA,NA,NA,NA,NA,"SE Ankeny at SE 28th Portland OR",-122.6372793,45.5221355,"Evening"
"131","inner SE",101,"SE Salmon at 34th","4-6pm","391","372","407",426,456,423,480,293,NA,NA,NA,NA,NA,NA,NA,NA,"SE Salmon at SE 34th Portland OR",-122.6295516,45.5143135,"Evening"
"132","inner SE",108,"SE Clay at Water","4-6pm","643","583","379",NA,153,131,NA,NA,NA,NA,NA,NA,NA,NA,NA,NA,"SE Clay at SE Water Portland OR",-122.6658475,45.5115422,"Evening"
"133","inner SE",109,"SE Clay at 7th","4-6pm","221","181","236",215,219,181,205,NA,NA,NA,NA,NA,NA,NA,NA,NA,"SE Clay at SE 7th Portland OR",-122.6587116,45.5115179,"Evening"
"134","inner SE",110,"SE Clay at 12th","4-6pm","257","269","242",294,268,220,247,193,NA,NA,NA,NA,NA,NA,NA,NA,"SE Clay at SE 12th Portland OR",-122.6536822,45.5115025,"Evening"
"135","inner SE",138,"SE Milwaukie at Mitchell","4-6pm","136","155",NA,151,178,127,153,NA,NA,NA,NA,NA,NA,NA,NA,NA,"SE Milwaukie at SE Mitchell Portland OR",-122.6497311,45.4856525,"Evening"
"136","inner SE",149,"SE Center at 52nd","4-6pm","66","83","90",NA,56,71,NA,NA,NA,NA,NA,NA,NA,NA,NA,NA,"SE Center at SE 52nd Portland OR",-122.6090059,45.4938979,"Evening"
"137","inner SE",160,"SE Clinton at 13th","4-6pm","198","73","204",206,171,139,NA,NA,NA,NA,NA,NA,NA,NA,NA,NA,"SE Clinton at SE 13th Portland OR",-122.6527293,45.5034985,"Evening"
"138","inner SE",170,"SE Mill at 87th","4-6pm","51","57","42",41,83,NA,NA,NA,NA,NA,NA,NA,NA,NA,NA,NA,"SE Mill at SE 87th Portland OR",-122.57407,45.5100632,"Evening"
"139","inner SE",173,"SE Umatilla at 19th","4-6pm","159","217","262",183,174,NA,NA,NA,NA,NA,NA,NA,NA,NA,NA,NA,"SE Umatilla at SE 19th Portland OR",-122.645039,45.4628845,"Evening"
"140","inner SE",174,"SE Spokane at 15th","4-6pm",NA,"103","135",110,52,NA,NA,NA,NA,NA,NA,NA,NA,NA,NA,NA,"SE Spokane at SE 15th Portland OR",-122.6510171,45.4650358,"Evening"
"141","inner SE",212,"SE Woodstock at 52nd","4-6pm","121","88","119",90,NA,NA,NA,NA,NA,NA,NA,NA,NA,NA,NA,NA,"SE Woodstock at SE 52nd Portland OR",-122.6087307,45.4791636,"Evening"
"142","inner SE",241,"Springwater Corridor (S of Ivon)","4-6pm","600","596","564",NA,NA,NA,NA,NA,NA,NA,NA,NA,NA,NA,NA,NA,"Springwater Path at SE Ivon Portland OR",-122.661879,45.504145,"Evening"
"143","inner SE",242,"E Burnside at SE 6th","4-6pm","433","377","388",NA,NA,NA,NA,NA,NA,NA,NA,NA,NA,NA,NA,NA,"E Burnside at SE 6th Portland OR",-122.659693,45.522928,"Evening"
"144","inner SE",243,"E Burnside at SE 12th","4-6pm","316","335","327",NA,NA,NA,NA,NA,NA,NA,NA,NA,NA,NA,NA,NA,"E Burnside at SE 12th Portland OR",-122.6536407,45.522905,"Evening"
"145","inner SE",244,"SE Clinton at 34th","4-6pm","474","463","509",NA,NA,NA,NA,NA,NA,NA,NA,NA,NA,NA,NA,NA,"SE Clinton at SE 34th Portland OR",-122.629551,45.5035437,"Evening"
"146","inner SE",245,"SE Ladd at 20th/21st","4-6pm","542","605","571",NA,NA,NA,NA,NA,NA,NA,NA,NA,NA,NA,NA,NA,"SE Ladd at SE 20th Portland OR",-122.6450735,45.5048282,"Evening"
"147","inner SE",246,"SE Salmon at 28th","4-6pm","234","229","232",NA,NA,NA,NA,NA,NA,NA,NA,NA,NA,NA,NA,NA,"SE Salmon at SE 28th Portland OR",-122.6370975,45.5142996,"Evening"
"148","inner SE",247,"SE Taylor at 53rd","4-6pm","51","49","43",NA,NA,NA,NA,NA,NA,NA,NA,NA,NA,NA,NA,NA,"SE Taylor at SE 53rd Portland OR",-122.6088532,45.5154026,"Evening"
"149","inner SE",248,"SE Flavel at 52nd","4-6pm","40","45",NA,NA,NA,NA,NA,NA,NA,NA,NA,NA,NA,NA,NA,NA,"SE Flavel at SE 52nd Portland OR",-122.6099985,45.4686436,"Evening"
"150","inner SE",249,"SE Flavel at 87th","4-6pm","58",NA,"36",NA,NA,NA,NA,NA,NA,NA,NA,NA,NA,NA,NA,NA,"SE Flavel at SE 87th Portland OR",-122.5738793,45.4685463,"Evening"
"151","inner SE",250,"SE Woodstock at 87th","4-6pm","38",NA,NA,NA,NA,NA,NA,NA,NA,NA,NA,NA,NA,NA,NA,NA,"SE Woodstock at SE 87th Portland OR",-122.5734575,45.4793086,"Evening"
"152","inner SE",251,"SE Brooklyn at 85th","4-6pm","27","32","15",NA,NA,NA,NA,NA,NA,NA,NA,NA,NA,NA,NA,NA,"SE Brooklyn at SE 85th Portland OR",-122.5749929,45.5005027,"Evening"
"153","inner SE",252,"SE Lincoln at 52nd","4-6pm","225","221","241",NA,NA,NA,NA,NA,NA,NA,NA,NA,NA,NA,NA,NA,"SE Lincoln at SE 52nd Portland OR",-122.6090653,45.5080421,"Evening"
"154","inner SE",253,"SE Caruthers at Eastbank Esplanade","4-6pm","422",NA,"588",NA,NA,NA,NA,NA,NA,NA,NA,NA,NA,NA,NA,NA,"SE Caruthers at SE Eastbank Esplanade Portland OR",-122.6640521,45.5058967,"Evening"
"155","inner SE",256,"SE Caruthers at Water","4-6pm","719","694",NA,NA,NA,NA,NA,NA,NA,NA,NA,NA,NA,NA,NA,NA,"SE Caruthers at SE Water Portland OR",-122.6619565,45.5058929,"Evening"
"156","inner SE",257,"SE Division at 60th","4-6pm","80","99",NA,NA,NA,NA,NA,NA,NA,NA,NA,NA,NA,NA,NA,NA,"SE Division at SE 60th Portland OR",-122.6764816,45.5230622,"Evening"
"157","inner SE",265,"SE Holgate at 17th","4-6pm","67",NA,NA,NA,NA,NA,NA,NA,NA,NA,NA,NA,NA,NA,NA,NA,"SE Holgate at SE 17th Portland OR",-122.6484113,45.4903444,"Evening"
"158","inner SE",266,"SE Division at 76th","4-6pm","94",NA,NA,NA,NA,NA,NA,NA,NA,NA,NA,NA,NA,NA,NA,NA,"SE Division at SE 76th Portland OR",-122.6764816,45.5230622,"Evening"
"159","inner SE",267,"SE Stark at 76th","4-6pm","32",NA,NA,NA,NA,NA,NA,NA,NA,NA,NA,NA,NA,NA,NA,NA,"SE Stark at SE 76th Portland OR",-122.5852611,45.5191773,"Evening"
"160","inner SE",268,"SE Bybee at 19th","4-6pm","81",NA,NA,NA,NA,NA,NA,NA,NA,NA,NA,NA,NA,NA,NA,NA,"SE Bybee at SE 19th Portland OR",-122.6457507,45.4739088,"Evening"
"161","inner SE",269,"SE Woodstock at 28th","4-6pm","99",NA,NA,NA,NA,NA,NA,NA,NA,NA,NA,NA,NA,NA,NA,NA,"SE Woodstock at SE 28th Portland OR",-122.634413,45.478759,"Evening"
"162","inner SE",270,"SE Foster at 67th","4-6pm","85",NA,NA,NA,NA,NA,NA,NA,NA,NA,NA,NA,NA,NA,NA,NA,"SE Foster at SE 67th Portland OR",-122.5943196,45.4886343,"Evening"
"163","inner SE",276,"SE Powell over-crossing @ 17th Ave (NEW)","4-6pm",NA,NA,NA,NA,NA,NA,NA,NA,NA,NA,NA,NA,NA,NA,NA,NA,"SE Powell over-crossing @ 17th Ave (NEW) Portland OR",-122.6764816,45.5230622,"Evening"
"164","north",6,"N Fessenden at Peninsula Crossing","4-6pm","89","49","70",NA,NA,73,56,55,NA,NA,NA,NA,NA,NA,NA,NA,"N Fessenden at N Peninsula Crossing Portland OR",-122.7285301,45.591791,"Evening"
"165","north",7,"N Interstate at Greeley","4-6pm","261","223","259",248,255,237,268,192,202,NA,NA,78,NA,NA,NA,51,"N Interstate at N Greeley Portland OR",-122.6772988,45.5445403,"Evening"
"166","north",8,"N Interstate at Larrabee","4-6pm","308","322","325",321,221,246,341,259,249,NA,NA,NA,NA,NA,NA,NA,"N Interstate at N Larrabee Portland OR",-122.6772969,45.5407581,"Evening"
"167","north",9,"N Portsmouth at Houghton","4-6pm",NA,"24","37",NA,NA,43,52,43,NA,NA,NA,NA,NA,NA,NA,NA,"N Portsmouth at N Houghton Portland OR",-122.7210387,45.586576,"Evening"
"168","north",10,"N Denver at Rosa Parks","4-6pm","198","220","150",123,NA,160,148,103,90,NA,NA,NA,NA,27,NA,NA,"N Denver at N Rosa Parks Portland OR",-122.6873127,45.5699124,"Evening"
"169","north",11,"N Vancouver at Russell","7-9am","1,140","948","1,032",875,NA,645,720,465,380,NA,NA,215,NA,190,170,106,"N Vancouver at N Russell Portland OR",-122.6680243,45.5410554,"Morning"
"170","north",12,"N Williams at Russell","4-6pm","1,069","921","797",799,619,535,549,421,177,NA,176,NA,NA,112,122,59,"N Williams at N Russell Portland OR",-122.6666964,45.5410413,"Evening"
"171","north",13,"N Smith at St. Louis","4-6pm",NA,"23","29",NA,25,NA,31,20,NA,NA,NA,NA,NA,NA,NA,NA,"N Smith at N St. Louis Portland OR",-122.7534423,45.5949654,"Evening"
"172","north",14,"N Flint at Tillamook","4-6pm","159","143",NA,178,NA,137,164,118,107,NA,NA,NA,NA,183,167,80,"N Flint at N Tillamook Portland OR",-122.6687383,45.5380383,"Evening"
"173","north",15,"N Vancouver at Ainsworth","7-9am","252","282","232",212,198,NA,240,123,116,NA,82,NA,NA,53,44,NA,"N Vancouver at N Ainsworth Portland OR",-122.668807,45.566443,"Morning"
"174","north",16,"N Willamette at Philadelphia","4-6pm",NA,"28","38",52,56,NA,NA,30,NA,NA,NA,NA,NA,NA,NA,NA,"N Willamette at N Philadelphia Portland OR",-122.7572496,45.5888192,"Evening"
"175","north",17,"N Willamette at Waud Bluff Trail","4-6pm","177","162","178",175,NA,153,122,NA,NA,NA,NA,NA,NA,NA,NA,NA,"N Willamette at Waud Bluff Trail Portland OR",-122.7202596,45.5739301,"Evening"
"176","north",97,"N Interstate/Lloyd/Oregon","4-6pm","1,011","1,028","957",821,902,NA,705,NA,NA,NA,NA,NA,NA,NA,NA,NA,"N Interstate/Lloyd/Oregon Portland OR",-122.6780768,45.5453583,"Evening"
"177","north",102,"N Going at Greeley","4-6pm","148","136","173",117,119,NA,104,92,NA,NA,NA,NA,NA,NA,NA,NA,"N Going at N Greeley Portland OR",-122.6933966,45.5558741,"Evening"
"178","north",103,"N Port Center Wy at Cement Rd","4-6pm",NA,"3","3",9,4,7,6,9,NA,NA,NA,NA,NA,NA,NA,NA,"N Port Center Wy at N Cement Rd Portland OR",-122.6950967,45.5526208,"Evening"
"179","north",124,"N Willis at Woolsey","4-6pm","39","31","51",NA,NA,NA,31,NA,NA,NA,NA,NA,NA,NA,NA,NA,"N Willis at N Woolsey Portland OR",-122.7134614,45.5840408,"Evening"
"180","north",125,"N Bryant at Missouri","4-6pm","40","73","53",50,NA,NA,38,NA,NA,NA,NA,NA,NA,NA,NA,NA,"N Bryant at N Missouri Portland OR",-122.677494,45.573413,"Evening"
"181","north",126,"N Union Path at I-5","4-6pm",NA,"96","92",87,85,90,87,NA,NA,NA,NA,NA,NA,NA,NA,NA,"N Union Path at I-5 Portland OR",-117.8705842,45.2092893,"Evening"
"182","north",127,"N Failing at Missouri","4-6pm","41","37","42",59,42,35,40,NA,NA,NA,NA,NA,NA,NA,NA,NA,"N Failing at N Missouri Portland OR",-122.6776818,45.5508405,"Evening"
"183","north",154,"N Concord at Willamette","4-6pm","115",NA,NA,125,88,NA,NA,NA,NA,NA,NA,NA,NA,NA,NA,NA,"N Concord at N Willamette Portland OR",-122.684826,45.5619332,"Evening"
"184","north",155,"N Bryant at Wabash","4-6pm","65","57","43",47,25,39,NA,NA,NA,NA,NA,NA,NA,NA,NA,NA,"N Bryant at N Wabash Portland OR",-122.7028102,45.5736103,"Evening"
"185","north",165,"N Central at N Burr","4-6pm","30","28","30",30,22,NA,NA,NA,NA,NA,NA,NA,NA,NA,NA,NA,"N Central at N Burr Portland OR",-122.7409936,45.5889895,"Evening"
"186","north",166,"N Wabash at N Halleck","4-6pm",NA,"25","22",17,25,NA,NA,NA,NA,NA,NA,NA,NA,NA,NA,NA,"N Wabash at N Halleck Portland OR",-122.7026524,45.5826499,"Evening"
"187","north",167,"N Bryant at Concord","4-6pm","40","54","34",NA,40,NA,NA,NA,NA,NA,NA,NA,NA,NA,NA,NA,"N Bryant at N Concord Portland OR",-122.684244,45.573513,"Evening"
"188","north",202,"N Chautauqua at Willis","4-6pm","25","24","26",NA,25,NA,NA,NA,NA,NA,NA,NA,NA,NA,NA,NA,"N Chautauqua at N Willis Portland OR",-122.7079096,45.5840192,"Evening"
"189","north",204,"N Skidmore at Michigan","4-6pm","134","143","147",166,NA,NA,NA,NA,NA,NA,NA,NA,NA,NA,NA,NA,"N Skidmore at N Michigan Portland OR",-122.6765737,45.5546254,"Evening"
"190","north",205,"N Michigan at Rosa Parks","4-6pm","146","134","110",95,NA,NA,NA,NA,NA,NA,NA,NA,NA,NA,NA,NA,"N Michigan at N Rosa Parks Portland OR",-122.6768895,45.5699205,"Evening"
"191","north",231,"N Going at Vancouver","7-9am","586","725","645",NA,NA,NA,NA,NA,NA,NA,NA,NA,NA,NA,NA,NA,"N Going at N Vancouver Portland OR",-122.6680746,45.5563921,"Morning"
"192","north",232,"N Going at Williams","4-6pm","720","770","574",NA,NA,NA,NA,NA,NA,NA,NA,NA,NA,NA,NA,NA,"N Going at N Williams Portland OR",-122.6667267,45.5563848,"Evening"
"193","north",233,"N Denver at Terry","4-6pm","72","76","71",NA,NA,NA,NA,NA,NA,NA,NA,NA,NA,NA,NA,NA,"N Denver at N Terry Portland OR",-122.686885,45.579542,"Evening"
"194","north",234,"N Willamette Blvd at Carey (to Trail)","4-6pm",NA,"139","187",NA,NA,NA,NA,NA,NA,NA,NA,NA,NA,NA,NA,NA,"N Willamette Blvd at N Carey Portland OR",-122.7400407,45.5819343,"Evening"
"195","north",258,"N Going at Concord","3-5pm","72",NA,NA,NA,NA,NA,NA,NA,NA,NA,NA,NA,NA,NA,NA,NA,"N Going at N Concord Portland OR",-122.6848751,45.5563723,"Evening"
"196","NW",38,"NW Thurman at 14th","4-6pm","102","87","86",73,83,97,113,83,NA,NA,NA,NA,NA,NA,NA,NA,"NW Thurman at NW 14th Portland OR",-122.6764816,45.5230622,"Evening"
"197","NW",39,"NW Bridge Ave at St. Johns Bridge","4-6pm",NA,"39","36",37,NA,47,NA,22,NA,NA,NA,NA,NA,NA,NA,NA,"NW Bridge Ave at NW St. Johns Bridge Portland OR",-122.7690499,45.5833269,"Evening"
"198","NW",40,"NW Couch at 15th","4-6pm","48","43","51",46,39,43,40,37,24,NA,NA,NA,NA,NA,14,19,"NW Couch at NW 15th Portland OR",-122.6868046,45.5238349,"Evening"
"199","NW",41,"NW Glisan at 16th","4-6pm","60","93","98",NA,100,66,88,67,43,NA,75,NA,NA,NA,46,72,"NW Glisan at NW 16th Portland OR",-122.6872354,45.5269967,"Evening"
"200","NW",42,"NW Johnson at 18th","4-6pm","220","184","167",176,144,157,NA,132,130,NA,NA,NA,89,NA,82,NA,"NW Johnson at NW 18th Portland OR",-122.6894219,45.5285329,"Evening"
"201","NW",43,"NW Johnson at 19th","7-9am","102","108","163",200,NA,83,105,127,NA,NA,NA,40,NA,51,NA,NA,"NW Johnson at NW 19th Portland OR",-122.6904462,45.5285212,"Morning"
"202","NW",44,"NW Thompson at Skyline","4-6pm",NA,NA,"26",NA,NA,NA,43,NA,NA,NA,NA,NA,NA,NA,NA,NA,"NW Thompson at NW Skyline Portland OR",-122.7608964,45.5432947,"Evening"
"203","NW",45,"NW Wardway at Nicolai","4-6pm","46","44","65",NA,NA,58,61,NA,NA,NA,NA,NA,NA,NA,NA,NA,"NW Wardway at NW Nicolai Portland OR",-122.7109757,45.53852,"Evening"
"204","NW",96,"NW Overton at 18th","4-6pm","195",NA,"191",NA,155,139,111,75,NA,NA,NA,NA,NA,NA,NA,NA,"NW Overton at NW 18th Portland OR",-122.689566,45.5320878,"Evening"
"205","NW",104,"NW Naito at 9th","4-6pm","281","345","246",295,343,196,237,154,NA,NA,NA,NA,NA,NA,NA,NA,"NW Naito at NW 9th Portland OR",-122.6797646,45.5328256,"Evening"
"206","NW",122,"NW Thurman at 24th","4-6pm","112","115","98",103,127,136,132,NA,NA,NA,NA,NA,NA,NA,NA,NA,"NW Thurman at NW 24th Portland OR",-122.7008589,45.5354467,"Evening"
"207","NW",123,"NW Lovejoy at 9th","4-6pm","609","505","418",432,306,419,465,NA,NA,NA,NA,NA,NA,NA,NA,NA,"NW Lovejoy at NW 9th Portland OR",-122.6803405,45.5301027,"Evening"
"208","NW",163,"NW Johnson at 14th","4-6pm","231","229","215",207,206,211,NA,NA,NA,NA,NA,NA,NA,NA,NA,NA,"NW Johnson at NW 14th Portland OR",-122.6853519,45.5286011,"Evening"
"209","NW",235,"NW Couch at 14th","4-6pm","111","82","105",NA,NA,NA,NA,NA,NA,NA,NA,NA,NA,NA,NA,NA,"NW Couch at NW 14th Portland OR",-122.6851805,45.5236178,"Evening"
"210","NW",236,"NW Raleigh at 14th","4-6pm","64","40","44",NA,NA,NA,NA,NA,NA,NA,NA,NA,NA,NA,NA,NA,"NW Raleigh at NW 14th Portland OR",-122.6855732,45.5343044,"Evening"
"211","NW",237,"NW Overton at 19th","7-9am","138","119","100",NA,NA,NA,NA,NA,NA,NA,NA,NA,NA,NA,NA,NA,"NW Overton at NW 19th Portland OR",-122.6905877,45.5320783,"Morning"
"212","NW",238,"NW Marshall at 14th","4-6pm","138","204","173",NA,NA,NA,NA,NA,NA,NA,NA,NA,NA,NA,NA,NA,"NW Marshall at NW 14th Portland OR",-122.6854503,45.5307317,"Evening"
"213","NW",239,"NW Marshall at 18th","4-6pm","117","132","131",NA,NA,NA,NA,NA,NA,NA,NA,NA,NA,NA,NA,NA,"NW Marshall at NW 18th Portland OR",-122.6895241,45.5306615,"Evening"
"214","NW",240,"NW Marshall at 19th","7-9am","98","118","108",NA,NA,NA,NA,NA,NA,NA,NA,NA,NA,NA,NA,NA,"NW Marshall at NW 19th Portland OR",-122.690531,45.530654,"Morning"
"215","NW",264,"NW Everett at 19th (NEW)","7-9am",NA,NA,NA,NA,NA,NA,NA,NA,NA,NA,NA,NA,NA,NA,NA,NA,"NW Everett at NW 19th Portland OR",-122.6903025,45.5249448,"Morning"
"216","SW",74,"SW Terwilliger at Sheridan","7-9am","161","162","138",142,144,151,129,117,210,NA,NA,NA,NA,NA,NA,124,"SW Terwilliger at SW Sheridan Portland OR",-122.6842926,45.5052181,"Morning"
"217","SW",75,"SW Arnold at 35th","4-6pm",NA,"4","7",10,4,3,8,NA,NA,NA,NA,NA,NA,NA,NA,NA,"SW Arnold at SW 35th Portland OR",-122.712837,45.4447088,"Evening"
"218","SW",77,"SW Barbur at Hamilton","4-6pm","164","153","126",206,150,141,198,105,92,NA,NA,NA,NA,62,NA,33,"SW Barbur at SW Hamilton Portland OR",-122.6781376,45.4911629,"Evening"
"219","SW",78,"SW BH Hwy at Shattuck","4-6pm","45","33","39",47,61,46,54,33,NA,NA,NA,NA,NA,NA,NA,NA,"SW BH Hwy at SW Shattuck Portland OR",-122.7316346,45.487043,"Evening"
"220","SW",80,"SW Canyon Ct at Skyline","4-6pm","136","146","138",132,108,91,116,77,52,NA,NA,NA,NA,NA,NA,NA,"SW Canyon Ct at SW Skyline Portland OR",-122.738388,45.5089673,"Evening"
"221","SW",81,"SW Capitol at Sunset","4-6pm","156","101","104",136,125,123,131,117,80,NA,NA,74,NA,NA,66,78,"SW Capitol at SW Sunset Portland OR",-122.6934214,45.4787086,"Evening"
"222","SW",82,"SW Capitol Hwy at Vermont","4-6pm","76","61","102",66,69,59,67,45,45,NA,NA,NA,NA,NA,NA,NA,"SW Capitol Hwy at SW Vermont Portland OR",-122.7065161,45.4760737,"Evening"
"223","SW",85,"SW Kingston at Rose Garden","4-6pm","76","49",NA,72,NA,NA,76,NA,NA,NA,NA,NA,NA,NA,NA,NA,"SW Kingston at SW Rose Garden Portland OR",-122.7065979,45.5181501,"Evening"
"224","SW",86,"SW Willamette Greenway at Miles","4-6pm","53","45","62",72,74,55,45,45,NA,NA,NA,NA,NA,NA,NA,NA,"SW Willamette Greenway at SW Miles Portland OR",-122.6764816,45.5230622,"Evening"
"225","SW",87,"SW Moody at Gibbs","4-6pm","515","502","378",351,348,285,317,272,116,NA,NA,NA,NA,NA,NA,88,"SW Moody at SW Gibbs Portland OR",-122.6764816,45.5230622,"Evening"
"226","SW",88,"SW Multnomah at 45th","4-6pm","63","64","81",70,73,65,NA,48,59,NA,NA,NA,NA,NA,32,42,"SW Multnomah at SW 45th Portland OR",-122.7231857,45.4674736,"Evening"
"227","SW",90,"SW Terwilliger at 2nd","4-6pm","71","34","60",66,57,52,74,NA,NA,NA,NA,NA,NA,NA,NA,NA,"SW Terwilliger at SW 2nd Portland OR",-122.6820204,45.4536994,"Evening"
"228","SW",91,"SW Terwilliger at Campus Drive","4-6pm","175","197","201",236,229,189,189,190,186,NA,NA,NA,NA,NA,NA,NA,"SW Terwilliger at SW Campus Drive Portland OR",-122.682563,45.4992084,"Evening"
"229","SW",92,"SW Capitol Hwy at Terwilliger","4-6pm","133","159","162",159,165,150,103,113,NA,NA,NA,NA,NA,NA,NA,NA,"SW Capitol Hwy at SW Terwilliger Portland OR",-122.6869935,45.4801896,"Evening"
"230","SW",105,"SW Bond at Curry","4-6pm","115","126","122",89,108,86,NA,81,NA,NA,NA,NA,NA,NA,NA,NA,"SW Bond at SW Curry Portland OR",-122.6707882,45.4978504,"Evening"
"231","SW",111,"SW Barbur at Capitol Hwy","4-6pm","44","18","58",58,55,30,46,NA,NA,NA,NA,NA,NA,NA,NA,NA,"SW Barbur at SW Capitol Hwy Portland OR",-122.6814011,45.4800742,"Evening"
"232","SW",112,"SW Hamilton at 45th","4-6pm","8","7","10",9,6,16,10,NA,NA,NA,NA,NA,NA,NA,NA,NA,"SW Hamilton at SW 45th Portland OR",-122.7232289,45.4907136,"Evening"
"233","SW",113,"SW Taylors Ferry at Terwilliger","4-6pm","86","85","111",83,86,55,116,NA,NA,NA,NA,NA,NA,NA,NA,NA,"SW Taylors Ferry at SW Terwilliger Portland OR",-122.684918,45.4630854,"Evening"
"234","SW",114,"SW Palantine at Riverview Cemetary","4-6pm","78",NA,"97",95,112,84,NA,NA,NA,NA,NA,NA,NA,NA,NA,NA,"SW Palantine at SW Riverview Cemetary Portland OR",-122.6764816,45.5230622,"Evening"
"235","SW",115,"SW Barbur at Terwilliger","4-6pm","164","154","155",190,204,179,NA,NA,114,NA,NA,70,NA,35,NA,NA,"SW Barbur at SW Terwilliger Portland OR",-122.6855415,45.4709894,"Evening"
"236","SW",116,"SW Bertha at Vermont","4-6pm","18","30","36",70,49,35,NA,NA,NA,NA,NA,NA,NA,NA,NA,NA,"SW Bertha at SW Vermont Portland OR",-122.6965656,45.4760511,"Evening"
"237","SW",117,"SW Corbett at Nebraska","4-6pm","15","14","22",21,23,NA,22,NA,NA,NA,NA,NA,NA,NA,NA,NA,"SW Corbett at SW Nebraska Portland OR",-122.6769623,45.4772791,"Evening"
"238","SW",118,"SW Arthur at 1st","4-6pm","76","89","82",88,83,63,97,NA,NA,NA,NA,NA,NA,NA,NA,NA,"SW Arthur at SW 1st Portland OR",-122.6786573,45.50367,"Evening"
"239","SW",120,"SW 18th at Trail south of Sunset Hwy","4-6pm","20","26","43",15,35,NA,NA,NA,NA,NA,NA,NA,NA,NA,NA,NA,"SW 18th at SW Trail south of Sunset Hwy Portland OR",-122.7332001,45.5087656,"Evening"
"240","SW",121,"SW Vista at Montgomery","7-9am","24","37","29",30,24,17,NA,NA,NA,NA,NA,NA,NA,NA,NA,NA,"SW Vista at SW Montgomery Portland OR",-122.6964589,45.5160564,"Morning"
"241","SW",134,"SW Troy at Capitol Hill","4-6pm","14","13","12",16,15,18,22,NA,NA,NA,NA,NA,NA,NA,NA,NA,"SW Troy at SW Capitol Hill Portland OR",-122.7042213,45.4682713,"Evening"
"242","SW",144,"SW Humphrey at Patton","4-6pm","70","61","109",96,87,70,74,NA,47,NA,NA,NA,NA,NA,NA,NA,"SW Humphrey at SW Patton Portland OR",-122.7132125,45.5021744,"Evening"
"243","SW",145,"SW Terwilliger at Westwood","4-6pm","155","173","142",193,181,146,NA,NA,NA,NA,NA,NA,NA,NA,NA,NA,"SW Terwilliger at SW Westwood Portland OR",-122.6836053,45.4830613,"Evening"
"244","SW",175,"SW Illinois at 45th","4-6pm","12","13","6",16,9,NA,NA,NA,NA,NA,NA,NA,NA,NA,NA,NA,"SW Illinois at SW 45th Portland OR",-122.7231733,45.4786522,"Evening"
"245","SW",206,"SW Multnomah at 25th","4-6pm","60","52","54",83,NA,NA,NA,NA,NA,NA,NA,NA,NA,NA,NA,NA,"SW Multnomah at SW 25th Portland OR",-122.702509,45.4655385,"Evening"
"246","SW",207,"SW Capitol Hwy at 35th","4-6pm","36","44","16",48,NA,NA,NA,NA,NA,NA,NA,NA,NA,NA,NA,NA,"SW Capitol Hwy at SW 35th Portland OR",-122.7128701,45.468075,"Evening"
